"Delivery Date","Hour Ending","QSE","Total Self-Arranged AS RegUp","Total Self-Arranged AS RegDown","Total Self-Arranged AS NonSpin","Total Self-Arranged AS RRS for Gen","Total Self-Arranged AS RRS for CLR","Total Self-Arranged AS RRS for NCLR"
"01/11/2021","1","QAEN","6.1","8.5","38.7","81","0","20"
"01/11/2021","1","QALTRE","","","","0","0","46"
"01/11/2021","1","QBPEC7","-1","-1.4","-6.7","-17.5","0","0"
"01/11/2021","1","QBRAZO","","","","0","0","57"
"01/11/2021","1","QBTU","","","","0","0","7"
"01/11/2021","1","QCALP","-5","-5","","","",""
"01/11/2021","1","QCALP3","","","12","25","0","0"
"01/11/2021","1","QCALP6","4","4","20","25","0","0"
"01/11/2021","1","QCPSE","0","0","0","0","0","75"
"01/11/2021","1","QDIR10","0","0","0","0","0","2"
"01/11/2021","1","QDIR11","0","0","0","0","0","3"
"01/11/2021","1","QDIRE","0","0","-13","19","0","76"
"01/11/2021","1","QEAGL5","","","","0","0","8.8"
"01/11/2021","1","QEDE10","","","","0","0","30.8"
"01/11/2021","1","QEDE12","","","","0","0","11.1"
"01/11/2021","1","QEDES1","14","9","6","12","0","66.6"
"01/11/2021","1","QEDES2","","","","0","0","7"
"01/11/2021","1","QEDES5","1","1","","0","0","7.7"
"01/11/2021","1","QEDES6","","","","0","0","2.5"
"01/11/2021","1","QEDF7","","","","0","0","5.6"
"01/11/2021","1","QEXEL1","","","","-30","0","40"
"01/11/2021","1","QFORMO","","","","0","0","1.8"
"01/11/2021","1","QFRONT","","","","0","0","3"
"01/11/2021","1","QGAR6","","","","0","0","0"
"01/11/2021","1","QGERD","","","","0","0","4.1"
"01/11/2021","1","QGEXA","","","0","0","0","22"
"01/11/2021","1","QGOLDN","","","","0","0","5"
"01/11/2021","1","QJUST1","","","","20","0","8"
"01/11/2021","1","QJUSTE","0","","25","25","0","7"
"01/11/2021","1","QLCRA","0","0","0","0","0","24"
"01/11/2021","1","QLUMN","0","5","0","0","0","110"
"01/11/2021","1","QNRGCI","","","","0","0","200.7"
"01/11/2021","1","QOCSQ1","","","","0","0","10.6"
"01/11/2021","1","QRAYBN","","","","0","0","12"
"01/11/2021","1","QSEMES","1","1","11","30","0","15"
"01/11/2021","1","QSHEL9","0","0","0","10","0","7"
"01/11/2021","1","QSHELL","-15","-15","-71","-138","0","0"
"01/11/2021","1","QSTEC","0","0","0","0","0","19.6"
"01/11/2021","1","QSTEC1","","","0","0","0","2.4"
"01/11/2021","1","QSUEZ1","","","","0","0","27"
"01/11/2021","1","QTEN18","1.6","2.2","10.6","27.8","0","0"
"01/11/2021","1","QTENSK","","","","0","0","22.4"
"01/11/2021","1","QTETP","","","","0","0","2.6"
"01/11/2021","1","QTETP2","","","","0","0","3.8"
"01/11/2021","1","QTETP3","","","","0","0","1.6"
"01/11/2021","1","QTEXPO","","","","2","0","2"
"01/11/2021","1","QTOTL1","-.6","-.8","-3.9","-10.3","0","0"
"01/11/2021","2","QAEN","8.4","6.8","38.3","80","0","20"
"01/11/2021","2","QALTRE","","","","0","0","46"
"01/11/2021","2","QBPEC7","-1.5","-1.2","-6.8","-17.8","0","0"
"01/11/2021","2","QBRAZO","","","","0","0","57"
"01/11/2021","2","QBTU","","","","0","0","7"
"01/11/2021","2","QCALP","-5","-5","","","",""
"01/11/2021","2","QCALP3","","","12","25","0","0"
"01/11/2021","2","QCALP6","4","4","20","25","0","0"
"01/11/2021","2","QCPSE","0","0","0","0","0","75"
"01/11/2021","2","QDIR10","0","0","0","0","0","2"
"01/11/2021","2","QDIR11","0","0","0","0","0","2"
"01/11/2021","2","QDIRE","0","0","-13","19","0","75"
"01/11/2021","2","QEAGL5","","","","0","0","8.9"
"01/11/2021","2","QEDE10","","","","0","0","31"
"01/11/2021","2","QEDE12","","","","0","0","11.3"
"01/11/2021","2","QEDES1","14","9","6","12","0","67.2"
"01/11/2021","2","QEDES2","","","","0","0","7"
"01/11/2021","2","QEDES5","1","1","","0","0","7.8"
"01/11/2021","2","QEDES6","","","","0","0","2.5"
"01/11/2021","2","QEDF7","","","","0","0","5.6"
"01/11/2021","2","QEXEL1","","","","-30","0","40"
"01/11/2021","2","QFORMO","","","","0","0","1.8"
"01/11/2021","2","QFRONT","","","","0","0","3"
"01/11/2021","2","QGAR6","","","","0","0","0"
"01/11/2021","2","QGERD","","","","0","0","5.3"
"01/11/2021","2","QGEXA","","","0","0","0","22"
"01/11/2021","2","QGOLDN","","","","0","0","6"
"01/11/2021","2","QJUST1","","","","20","0","8"
"01/11/2021","2","QJUSTE","0","","25","25","0","7"
"01/11/2021","2","QLCRA","0","0","0","0","0","24"
"01/11/2021","2","QLUMN","0","5","0","0","0","110"
"01/11/2021","2","QNRGCI","","","","0","0","200.7"
"01/11/2021","2","QOCSQ1","","","","0","0","10.7"
"01/11/2021","2","QRAYBN","","","","0","0","12"
"01/11/2021","2","QSEMES","1","1","11","30","0","15"
"01/11/2021","2","QSHEL9","0","0","0","10","0","7"
"01/11/2021","2","QSHELL","-15","-15","-71","-138","0","0"
"01/11/2021","2","QSTEC","0","0","0","0","0","19.7"
"01/11/2021","2","QSTEC1","","","0","0","0","2.4"
"01/11/2021","2","QSUEZ1","","","","0","0","27"
"01/11/2021","2","QTEN18","2.3","1.9","10.8","28.3","0","0"
"01/11/2021","2","QTENSK","","","","0","0","23.5"
"01/11/2021","2","QTETP","","","","0","0","2.6"
"01/11/2021","2","QTETP2","","","","0","0","3.8"
"01/11/2021","2","QTETP3","","","","0","0","1.6"
"01/11/2021","2","QTEXPO","","","","2","0","2"
"01/11/2021","2","QTOTL1","-.8","-.7","-4","-10.5","0","0"
"01/11/2021","3","QAEN","9.5","6","37.6","80","0","20"
"01/11/2021","3","QALTRE","","","","0","0","46"
"01/11/2021","3","QBPEC7","-1.7","-1","-6.7","-17.9","0","0"
"01/11/2021","3","QBRAZO","","","","0","0","57"
"01/11/2021","3","QBTU","","","","0","0","7"
"01/11/2021","3","QCALP","-5","-5","","","",""
"01/11/2021","3","QCALP3","","","12","25","0","0"
"01/11/2021","3","QCALP6","4","4","20","25","0","0"
"01/11/2021","3","QCPSE","0","0","0","0","0","75"
"01/11/2021","3","QDIR10","0","0","0","0","0","2"
"01/11/2021","3","QDIR11","0","0","0","0","0","2"
"01/11/2021","3","QDIRE","0","0","-13","19","0","74"
"01/11/2021","3","QEAGL5","","","","0","0","9"
"01/11/2021","3","QEDE10","","","","0","0","31"
"01/11/2021","3","QEDE12","","","","0","0","11.7"
"01/11/2021","3","QEDES1","14","9","6","12","0","67.2"
"01/11/2021","3","QEDES2","","","","0","0","7"
"01/11/2021","3","QEDES5","1","1","","0","0","7.8"
"01/11/2021","3","QEDES6","","","","0","0","2.5"
"01/11/2021","3","QEDF7","","","","0","0","5.6"
"01/11/2021","3","QEXEL1","","","","-30","0","40"
"01/11/2021","3","QFORMO","","","","0","0","1.7"
"01/11/2021","3","QFRONT","","","","0","0","3"
"01/11/2021","3","QGAR6","","","","0","0","0"
"01/11/2021","3","QGERD","","","","0","0","4.6"
"01/11/2021","3","QGEXA","","","0","0","0","22"
"01/11/2021","3","QGOLDN","","","","0","0","6"
"01/11/2021","3","QJUST1","","","","20","0","8"
"01/11/2021","3","QJUSTE","0","","25","25","0","7"
"01/11/2021","3","QLCRA","0","0","0","0","0","24"
"01/11/2021","3","QLUMN","0","5","0","0","0","110"
"01/11/2021","3","QNRGCI","","","","0","0","200.7"
"01/11/2021","3","QOCSQ1","","","","0","0","10.6"
"01/11/2021","3","QRAYBN","","","","0","0","12"
"01/11/2021","3","QSEMES","1","1","11","30","0","15"
"01/11/2021","3","QSHEL9","0","0","0","10","0","7"
"01/11/2021","3","QSHELL","-15","-15","-71","-138","0","0"
"01/11/2021","3","QSTEC","0","0","0","0","0","20"
"01/11/2021","3","QSTEC1","","","0","0","0","2.3"
"01/11/2021","3","QSUEZ1","","","","0","0","27"
"01/11/2021","3","QTEN18","2.7","1.6","10.6","28.4","0","0"
"01/11/2021","3","QTENSK","","","","0","0","20"
"01/11/2021","3","QTETP","","","","0","0","2.6"
"01/11/2021","3","QTETP2","","","","0","0","3.8"
"01/11/2021","3","QTETP3","","","","0","0","1.6"
"01/11/2021","3","QTEXPO","","","","2","0","2"
"01/11/2021","3","QTOTL1","-1","-.6","-3.9","-10.5","0","0"
"01/11/2021","4","QAEN","9.6","5.7","37.6","80.1","0","20"
"01/11/2021","4","QALTRE","","","","0","0","46"
"01/11/2021","4","QBPEC7","-1.7","-1","-6.6","-17.6","0","0"
"01/11/2021","4","QBRAZO","","","","0","0","57"
"01/11/2021","4","QBTU","","","","0","0","7"
"01/11/2021","4","QCALP","-5","-5","","","",""
"01/11/2021","4","QCALP3","","","12","25","0","0"
"01/11/2021","4","QCALP6","4","4","20","25","0","0"
"01/11/2021","4","QCPSE","0","0","0","0","0","75"
"01/11/2021","4","QDIR10","0","0","0","0","0","2"
"01/11/2021","4","QDIR11","0","0","0","0","0","2"
"01/11/2021","4","QDIRE","0","0","-13","19","0","74"
"01/11/2021","4","QEAGL5","","","","0","0","9"
"01/11/2021","4","QEDE10","","","","0","0","30.5"
"01/11/2021","4","QEDE12","","","","0","0","12"
"01/11/2021","4","QEDES1","14","9","6","12","0","66.6"
"01/11/2021","4","QEDES2","","","","0","0","7"
"01/11/2021","4","QEDES5","1","1","","0","0","7.7"
"01/11/2021","4","QEDES6","","","","0","0","2.5"
"01/11/2021","4","QEDF7","","","","0","0","5.6"
"01/11/2021","4","QEXEL1","","","","-30","0","40"
"01/11/2021","4","QFORMO","","","","0","0","1.6"
"01/11/2021","4","QFRONT","","","","0","0","3"
"01/11/2021","4","QGAR6","","","","0","0","8"
"01/11/2021","4","QGERD","","","","0","0","6"
"01/11/2021","4","QGEXA","","","0","0","0","22"
"01/11/2021","4","QGOLDN","","","","0","0","6"
"01/11/2021","4","QJUST1","","","","20","0","8"
"01/11/2021","4","QJUSTE","0","","25","25","0","7"
"01/11/2021","4","QLCRA","0","0","0","0","0","24"
"01/11/2021","4","QLUMN","0","5","0","0","0","110"
"01/11/2021","4","QNRGCI","","","","0","0","200.7"
"01/11/2021","4","QOCSQ1","","","","0","0","10.5"
"01/11/2021","4","QRAYBN","","","","0","0","12"
"01/11/2021","4","QSEMES","1","1","11","30","0","15"
"01/11/2021","4","QSHEL9","0","0","0","10","0","7"
"01/11/2021","4","QSHELL","-15","-15","-71","-138","0","0"
"01/11/2021","4","QSTEC","0","0","0","0","0","19.9"
"01/11/2021","4","QSTEC1","","","0","0","0","2.3"
"01/11/2021","4","QSUEZ1","","","","0","0","27"
"01/11/2021","4","QTEN18","2.6","1.5","10.4","27.9","0","0"
"01/11/2021","4","QTENSK","","","","0","0","19.6"
"01/11/2021","4","QTETP","","","","0","0","2.6"
"01/11/2021","4","QTETP2","","","","0","0","3.8"
"01/11/2021","4","QTETP3","","","","0","0","1.6"
"01/11/2021","4","QTEXPO","","","","2","0","2"
"01/11/2021","4","QTOTL1","-.9","-.5","-3.8","-10.3","0","0"
"01/11/2021","5","QAEN","12.1","7.5","38.1","81.4","0","20"
"01/11/2021","5","QALTRE","","","","0","0","46"
"01/11/2021","5","QBPEC7","-2","-1.2","-6.5","-17.3","0","0"
"01/11/2021","5","QBRAZO","","","","0","0","57"
"01/11/2021","5","QBTU","","","","0","0","7"
"01/11/2021","5","QCALP","-5","-5","","","",""
"01/11/2021","5","QCALP3","","","12","25","0","0"
"01/11/2021","5","QCALP6","4","4","20","25","0","0"
"01/11/2021","5","QCPSE","0","0","0","0","0","75"
"01/11/2021","5","QDIR10","0","0","0","0","0","2"
"01/11/2021","5","QDIR11","0","0","0","0","0","2"
"01/11/2021","5","QDIRE","0","0","-13","19","0","74"
"01/11/2021","5","QEAGL5","","","","0","0","9"
"01/11/2021","5","QEDE10","","","","0","0","29.4"
"01/11/2021","5","QEDE12","","","","0","0","11.3"
"01/11/2021","5","QEDES1","14","9","6","12","0","64.8"
"01/11/2021","5","QEDES2","","","","0","0","6.7"
"01/11/2021","5","QEDES5","1","1","","0","0","7.5"
"01/11/2021","5","QEDES6","","","","0","0","2.4"
"01/11/2021","5","QEDF7","","","","0","0","5.6"
"01/11/2021","5","QEXEL1","","","","-30","0","40"
"01/11/2021","5","QFORMO","","","","0","0","1.6"
"01/11/2021","5","QFRONT","","","","0","0","3"
"01/11/2021","5","QGAR6","","","","0","0","8"
"01/11/2021","5","QGERD","","","","0","0","6.5"
"01/11/2021","5","QGEXA","","","0","0","0","22"
"01/11/2021","5","QGOLDN","","","","0","0","6"
"01/11/2021","5","QJUST1","","","","20","0","8"
"01/11/2021","5","QJUSTE","0","","25","25","0","7"
"01/11/2021","5","QLCRA","0","0","0","0","0","24"
"01/11/2021","5","QLUMN","0","5","0","0","0","110"
"01/11/2021","5","QNRGCI","","","","0","0","200.7"
"01/11/2021","5","QOCSQ1","","","","0","0","10.1"
"01/11/2021","5","QRAYBN","","","","0","0","12"
"01/11/2021","5","QSEMES","1","1","11","30","0","15"
"01/11/2021","5","QSHEL9","0","0","0","10","0","7"
"01/11/2021","5","QSHELL","-15","-15","-71","-138","0","0"
"01/11/2021","5","QSTEC","0","0","0","0","0","19.8"
"01/11/2021","5","QSTEC1","","","0","0","0","2.4"
"01/11/2021","5","QSUEZ1","","","","0","0","27"
"01/11/2021","5","QTEN18","3.2","1.9","10.3","27.4","0","0"
"01/11/2021","5","QTENSK","","","","0","0","21.6"
"01/11/2021","5","QTETP","","","","0","0","2.6"
"01/11/2021","5","QTETP2","","","","0","0","3.8"
"01/11/2021","5","QTETP3","","","","0","0","1.6"
"01/11/2021","5","QTEXPO","","","","2","0","2"
"01/11/2021","5","QTOTL1","-1.2","-.7","-3.8","-10.1","0","0"
"01/11/2021","6","QAEN","19.1","9.8","38.1","81.5","0","20"
"01/11/2021","6","QALTRE","","","","0","0","44"
"01/11/2021","6","QBPEC7","-3","-1.5","-6.1","-16.2","0","0"
"01/11/2021","6","QBRAZO","","","","0","0","57"
"01/11/2021","6","QBTU","","","","0","0","7"
"01/11/2021","6","QCALP","-5","-5","","","",""
"01/11/2021","6","QCALP3","","","12","25","0","0"
"01/11/2021","6","QCALP6","4","4","20","25","0","0"
"01/11/2021","6","QCPSE","0","0","0","0","0","75"
"01/11/2021","6","QDIR10","0","0","0","0","0","2"
"01/11/2021","6","QDIR11","0","0","0","0","0","2"
"01/11/2021","6","QDIRE","0","0","-13","19","0","75"
"01/11/2021","6","QEAGL5","","","","0","0","9.1"
"01/11/2021","6","QEDE10","","","","0","0","27.6"
"01/11/2021","6","QEDE12","","","","0","0","10.5"
"01/11/2021","6","QEDES1","14","9","6","12","0","61.1"
"01/11/2021","6","QEDES2","","","","0","0","6.3"
"01/11/2021","6","QEDES5","1","1","","0","0","7.4"
"01/11/2021","6","QEDES6","","","","0","0","2.2"
"01/11/2021","6","QEDF7","","","","0","0","5.7"
"01/11/2021","6","QEXEL1","","","","-30","0","40"
"01/11/2021","6","QFORMO","","","","0","0","1.4"
"01/11/2021","6","QFRONT","","","","0","0","3"
"01/11/2021","6","QGAR6","","","","0","0","8"
"01/11/2021","6","QGERD","","","","0","0","5.3"
"01/11/2021","6","QGEXA","","","0","0","0","22"
"01/11/2021","6","QGOLDN","","","","0","0","6"
"01/11/2021","6","QJUST1","","","","20","0","8"
"01/11/2021","6","QJUSTE","0","","25","25","0","7"
"01/11/2021","6","QLCRA","0","0","0","0","0","24"
"01/11/2021","6","QLUMN","0","5","0","0","0","110"
"01/11/2021","6","QNRGCI","","","","0","0","200.7"
"01/11/2021","6","QOCSQ1","","","","0","0","9.4"
"01/11/2021","6","QRAYBN","","","","0","0","12"
"01/11/2021","6","QSEMES","1","1","11","30","0","15"
"01/11/2021","6","QSHEL9","0","0","0","10","0","7"
"01/11/2021","6","QSHELL","-15","-15","-71","-138","0","0"
"01/11/2021","6","QSTEC","0","0","0","0","0","19.6"
"01/11/2021","6","QSTEC1","","","0","0","0","2.6"
"01/11/2021","6","QSUEZ1","","","","0","0","27"
"01/11/2021","6","QTEN18","4.7","2.4","9.6","25.7","0","0"
"01/11/2021","6","QTENSK","","","","0","0","22.4"
"01/11/2021","6","QTETP","","","","0","0","2.6"
"01/11/2021","6","QTETP2","","","","0","0","3.8"
"01/11/2021","6","QTETP3","","","","0","0","1.6"
"01/11/2021","6","QTEXPO","","","","2","0","2"
"01/11/2021","6","QTOTL1","-1.7","-.9","-3.5","-9.5","0","0"
"01/11/2021","7","QAEN","22.3","9","63.3","78.9","0","20"
"01/11/2021","7","QALTRE","","","","0","0","41"
"01/11/2021","7","QBPEC7","-3.2","-1.3","-9.2","-14.5","0","0"
"01/11/2021","7","QBRAZO","","","","0","0","57"
"01/11/2021","7","QBTU","","","","0","0","7"
"01/11/2021","7","QCALP","-5","-5","","","",""
"01/11/2021","7","QCALP3","","","12","25","0","0"
"01/11/2021","7","QCALP6","4","4","20","25","0","0"
"01/11/2021","7","QCPSE","0","0","0","0","0","75"
"01/11/2021","7","QDIR10","0","0","0","0","0","2"
"01/11/2021","7","QDIR11","0","0","0","0","0","2"
"01/11/2021","7","QDIRE","0","0","-13","19","0","71"
"01/11/2021","7","QEAGL5","","","","0","0","8.8"
"01/11/2021","7","QEDE10","","","","0","0","24.2"
"01/11/2021","7","QEDE12","","","","0","0","9.2"
"01/11/2021","7","QEDES1","14","9","","12","0","53.5"
"01/11/2021","7","QEDES2","","","","0","0","5.3"
"01/11/2021","7","QEDES5","1","1","","0","0","7"
"01/11/2021","7","QEDES6","","","","0","0","1.9"
"01/11/2021","7","QEDF7","","","","0","0","5.5"
"01/11/2021","7","QEXEL1","","","","-30","0","40"
"01/11/2021","7","QFORMO","","","","0","0","1"
"01/11/2021","7","QFRONT","","","","0","0","3"
"01/11/2021","7","QGAR6","","","","0","0","8"
"01/11/2021","7","QGERD","","","","0","0","3.9"
"01/11/2021","7","QGEXA","","","0","0","0","22"
"01/11/2021","7","QGOLDN","","","","0","0","6"
"01/11/2021","7","QJUST1","","","","20","0","8"
"01/11/2021","7","QJUSTE","0","","25","25","0","7"
"01/11/2021","7","QLCRA","0","0","0","0","0","24"
"01/11/2021","7","QLUMN","0","5","0","0","0","110"
"01/11/2021","7","QNRGCI","","","","0","0","200.7"
"01/11/2021","7","QOCSQ1","","","","0","0","8.2"
"01/11/2021","7","QRAYBN","","","","0","0","12"
"01/11/2021","7","QSEMES","1","1","11","30","0","15"
"01/11/2021","7","QSHEL9","0","0","0","10","0","7"
"01/11/2021","7","QSHELL","-15","-15","-65","-138","0","0"
"01/11/2021","7","QSTEC","0","0","0","0","0","17.8"
"01/11/2021","7","QSTEC1","0","","0","0","0","2.8"
"01/11/2021","7","QSUEZ1","","","","0","0","27"
"01/11/2021","7","QTEN18","5.1","2","14.6","23","0","0"
"01/11/2021","7","QTENSK","","","","0","0","19.4"
"01/11/2021","7","QTETP","","","","0","0","2.6"
"01/11/2021","7","QTETP2","","","","0","0","3.8"
"01/11/2021","7","QTETP3","","","","0","0","1.6"
"01/11/2021","7","QTEXPO","","","","2","0","2"
"01/11/2021","7","QTOTL1","-1.9","-.7","-5.4","-8.5","0","0"
"01/11/2021","8","QAEN","12.2","9.2","63.9","79.8","0","20"
"01/11/2021","8","QALTRE","","","","0","0","40"
"01/11/2021","8","QBPEC7","-1.7","-1.3","-9","-14.1","0","0"
"01/11/2021","8","QBRAZO","","","","0","0","57"
"01/11/2021","8","QBTU","","","","0","0","7"
"01/11/2021","8","QCALP","-5","-5","","","",""
"01/11/2021","8","QCALP3","","","12","25","0","0"
"01/11/2021","8","QCALP6","4","4","20","25","0","0"
"01/11/2021","8","QCPSE","0","0","0","0","0","75"
"01/11/2021","8","QDIR10","0","0","0","0","0","2"
"01/11/2021","8","QDIR11","0","0","0","0","0","2"
"01/11/2021","8","QDIRE","0","0","-13","19","0","72"
"01/11/2021","8","QEAGL5","","","","0","0","8.6"
"01/11/2021","8","QEDE10","","","","0","0","22.8"
"01/11/2021","8","QEDE12","","","","0","0","8.7"
"01/11/2021","8","QEDES1","14","9","6","12","0","50.7"
"01/11/2021","8","QEDES2","","","","0","0","4.8"
"01/11/2021","8","QEDES5","1","1","","0","0","6.8"
"01/11/2021","8","QEDES6","","","","0","0","1.8"
"01/11/2021","8","QEDF7","","","","0","0","5.6"
"01/11/2021","8","QEXEL1","","","","-30","0","40"
"01/11/2021","8","QFORMO","","","","0","0",".9"
"01/11/2021","8","QFRONT","","","","0","0","3"
"01/11/2021","8","QGAR6","","","","0","0","8"
"01/11/2021","8","QGERD","","","","0","0","3.4"
"01/11/2021","8","QGEXA","","","0","0","0","22"
"01/11/2021","8","QGOLDN","","","","0","0","6"
"01/11/2021","8","QJUST1","","","","20","0","8"
"01/11/2021","8","QJUSTE","0","","25","25","0","7"
"01/11/2021","8","QLCRA","0","0","0","0","0","24"
"01/11/2021","8","QLUMN","0","5","0","0","0","110"
"01/11/2021","8","QNRGCI","","","","0","0","200.7"
"01/11/2021","8","QOCSQ1","","","","0","0","7.9"
"01/11/2021","8","QRAYBN","","","","0","0","12"
"01/11/2021","8","QSEMES","1","1","11","30","0","15"
"01/11/2021","8","QSHEL9","0","0","0","10","0","7"
"01/11/2021","8","QSHELL","-15","-15","-71","-138","0","0"
"01/11/2021","8","QSTEC","0","0","0","0","0","17.3"
"01/11/2021","8","QSTEC1","","","0","0","0","2.8"
"01/11/2021","8","QSUEZ1","","","","0","0","27"
"01/11/2021","8","QTEN18","2.6","2","14.1","22.1","0","0"
"01/11/2021","8","QTENSK","","","","0","0","22.3"
"01/11/2021","8","QTETP","","","","0","0","2.6"
"01/11/2021","8","QTETP2","","","","0","0","3.8"
"01/11/2021","8","QTETP3","","","","0","0","1.6"
"01/11/2021","8","QTEXPO","","","","2","0","2"
"01/11/2021","8","QTOTL1","-.9","-.7","-5.1","-8","0","0"
"01/11/2021","9","QAEN","8.5","16.3","64.8","81.1","0","20"
"01/11/2021","9","QALTRE","","","","0","0","41"
"01/11/2021","9","QBPEC7","-1.2","-2.3","-9.1","-14.2","0","0"
"01/11/2021","9","QBRAZO","","","","0","0","57"
"01/11/2021","9","QBTU","","","","0","0","7"
"01/11/2021","9","QCALP","-5","-5","","","",""
"01/11/2021","9","QCALP3","","","12","25","0","0"
"01/11/2021","9","QCALP6","4","4","20","25","0","0"
"01/11/2021","9","QCPSE","0","0","0","0","0","75"
"01/11/2021","9","QDIR10","0","0","0","0","0","2"
"01/11/2021","9","QDIR11","0","0","0","0","0","3"
"01/11/2021","9","QDIRE","0","0","-13","19","0","73"
"01/11/2021","9","QEAGL5","","","","0","0","8.6"
"01/11/2021","9","QEDE10","","","","0","0","23"
"01/11/2021","9","QEDE12","","","","0","0","8.6"
"01/11/2021","9","QEDES1","14","9","6","12","0","51"
"01/11/2021","9","QEDES2","","","","0","0","4.8"
"01/11/2021","9","QEDES5","1","1","","0","0","6.7"
"01/11/2021","9","QEDES6","","","","0","0","1.8"
"01/11/2021","9","QEDF7","","","","0","0","5.7"
"01/11/2021","9","QEXEL1","","","","-30","0","40"
"01/11/2021","9","QFORMO","","","","0","0","1"
"01/11/2021","9","QFRONT","","","","0","0","3"
"01/11/2021","9","QGAR6","","","","0","0","8"
"01/11/2021","9","QGERD","","","","0","0","1.6"
"01/11/2021","9","QGEXA","","","0","0","0","22"
"01/11/2021","9","QGOLDN","","","","0","0","5"
"01/11/2021","9","QJUST1","","","","20","0","8"
"01/11/2021","9","QJUSTE","0","","25","25","0","7"
"01/11/2021","9","QLCRA","0","0","0","0","0","24"
"01/11/2021","9","QLUMN","0","5","0","0","0","110"
"01/11/2021","9","QNRGCI","","","","0","0","200.7"
"01/11/2021","9","QOCSQ1","","","","0","0","7.7"
"01/11/2021","9","QRAYBN","","","","0","0","12"
"01/11/2021","9","QSEMES","1","1","11","30","0","15"
"01/11/2021","9","QSHEL9","0","0","0","10","0","7"
"01/11/2021","9","QSHELL","-15","-15","-71","-138","0","0"
"01/11/2021","9","QSTEC","0","0","0","0","0","17.1"
"01/11/2021","9","QSTEC1","","","0","0","0","2.7"
"01/11/2021","9","QSUEZ1","","","","0","0","27"
"01/11/2021","9","QTEN18","1.8","3.6","14.2","22.2","0","0"
"01/11/2021","9","QTENSK","","","","0","0","23.5"
"01/11/2021","9","QTETP","","","","0","0","2.6"
"01/11/2021","9","QTETP2","","","","0","0","3.8"
"01/11/2021","9","QTETP3","","","","0","0","1.6"
"01/11/2021","9","QTEXPO","","","","2","0","2"
"01/11/2021","9","QTOTL1","-.6","-1.3","-5.1","-8","0","0"
"01/11/2021","10","QAEN","11.4","16.6","65.4","82.1","0","20"
"01/11/2021","10","QALTRE","","","","0","0","43"
"01/11/2021","10","QBPEC7","-1.6","-2.3","-9.3","-14.6","0","0"
"01/11/2021","10","QBRAZO","","","","0","0","57"
"01/11/2021","10","QBTU","","","","0","0","7"
"01/11/2021","10","QCALP","-5","-5","","","",""
"01/11/2021","10","QCALP3","","","12","25","0","0"
"01/11/2021","10","QCALP6","4","4","20","25","0","0"
"01/11/2021","10","QCPSE","0","0","0","0","0","75"
"01/11/2021","10","QDIR10","0","0","0","0","0","2"
"01/11/2021","10","QDIR11","0","0","0","0","0","3"
"01/11/2021","10","QDIRE","0","0","-13","19","0","73"
"01/11/2021","10","QEAGL5","","","","0","0","8.9"
"01/11/2021","10","QEDE10","","","","0","0","23.9"
"01/11/2021","10","QEDE12","","","","0","0","8.8"
"01/11/2021","10","QEDES1","14","9","6","12","0","53.5"
"01/11/2021","10","QEDES2","","","","0","0","5"
"01/11/2021","10","QEDES5","1","1","","0","0","7.2"
"01/11/2021","10","QEDES6","","","","0","0","1.9"
"01/11/2021","10","QEDF7","","","","0","0","5.8"
"01/11/2021","10","QEXEL1","","","","-30","0","40"
"01/11/2021","10","QFORMO","","","","0","0","1.2"
"01/11/2021","10","QFRONT","","","","0","0","3"
"01/11/2021","10","QGAR6","","","","0","0","8"
"01/11/2021","10","QGERD","","","","0","0","1.7"
"01/11/2021","10","QGEXA","","","0","0","0","22"
"01/11/2021","10","QGOLDN","","","","0","0","5"
"01/11/2021","10","QJUST1","","","","20","0","8"
"01/11/2021","10","QJUSTE","0","","25","25","0","7"
"01/11/2021","10","QLCRA","0","0","0","0","0","24"
"01/11/2021","10","QLUMN","0","5","0","0","0","110"
"01/11/2021","10","QNRGCI","","","","0","0","200.7"
"01/11/2021","10","QOCSQ1","","","","0","0","7.9"
"01/11/2021","10","QRAYBN","","","","0","0","12"
"01/11/2021","10","QSEMES","1","1","11","30","0","15"
"01/11/2021","10","QSHEL9","0","0","0","10","0","7"
"01/11/2021","10","QSHELL","-15","-15","-71","-138","0","0"
"01/11/2021","10","QSTEC","0","0","0","0","0","16.8"
"01/11/2021","10","QSTEC1","","","0","0","0","2.6"
"01/11/2021","10","QSUEZ1","","","","0","0","27"
"01/11/2021","10","QTEN18","2.5","3.6","14.7","23","0","0"
"01/11/2021","10","QTENSK","","","","0","0","16.5"
"01/11/2021","10","QTETP","","","","0","0","2.6"
"01/11/2021","10","QTETP2","","","","0","0","3.8"
"01/11/2021","10","QTETP3","","","","0","0","1.6"
"01/11/2021","10","QTEXPO","","","","2","0","2"
"01/11/2021","10","QTOTL1","-.9","-1.3","-5.4","-8.4","0","0"
"01/11/2021","11","QAEN","10.8","16.4","52.9","79.4","0","20"
"01/11/2021","11","QALTRE","","","","0","0","42"
"01/11/2021","11","QBPEC7","-1.5","-2.4","-7.7","-14.6","0","0"
"01/11/2021","11","QBRAZO","","","","0","0","57"
"01/11/2021","11","QBTU","","","","0","0","7"
"01/11/2021","11","QCALP","-5","-5","","","",""
"01/11/2021","11","QCALP3","","","12","25","0","0"
"01/11/2021","11","QCALP6","4","4","20","25","0","0"
"01/11/2021","11","QCPSE","0","0","0","0","0","75"
"01/11/2021","11","QDIR10","0","0","0","0","0","2"
"01/11/2021","11","QDIR11","0","0","0","0","0","3"
"01/11/2021","11","QDIRE","0","0","-13","19","0","69"
"01/11/2021","11","QEAGL5","","","","0","0","8.7"
"01/11/2021","11","QEDE10","","","","0","0","23.5"
"01/11/2021","11","QEDE12","","","","0","0","8.7"
"01/11/2021","11","QEDES1","14","9","6","12","0","52.2"
"01/11/2021","11","QEDES2","","","","0","0","4.9"
"01/11/2021","11","QEDES5","1","1","","0","0","7.2"
"01/11/2021","11","QEDES6","","","","0","0","1.9"
"01/11/2021","11","QEDF7","","","","0","0","5.6"
"01/11/2021","11","QEXEL1","","","","-30","0","40"
"01/11/2021","11","QFORMO","","","","0","0","1.1"
"01/11/2021","11","QFRONT","","","","0","0","3"
"01/11/2021","11","QGAR6","","","","0","0","8"
"01/11/2021","11","QGERD","","","","0","0","3.1"
"01/11/2021","11","QGEXA","","","0","0","0","22"
"01/11/2021","11","QGOLDN","","","","0","0","4"
"01/11/2021","11","QJUST1","","","","20","0","8"
"01/11/2021","11","QJUSTE","0","","25","25","0","7"
"01/11/2021","11","QLCRA","0","0","0","0","0","24"
"01/11/2021","11","QLUMN","0","5","0","0","0","110"
"01/11/2021","11","QNRGCI","","","","0","0","200.7"
"01/11/2021","11","QOCSQ1","","","","0","0","7.6"
"01/11/2021","11","QRAYBN","","","","0","0","12"
"01/11/2021","11","QSEMES","1","1","11","30","0","15"
"01/11/2021","11","QSHEL9","0","0","0","10","0","7"
"01/11/2021","11","QSHELL","-15","-15","-71","-138","0","0"
"01/11/2021","11","QSTEC","0","0","0","0","0","15.8"
"01/11/2021","11","QSTEC1","","","0","0","0","2.3"
"01/11/2021","11","QSUEZ1","","","","0","0","27"
"01/11/2021","11","QTEN18","2.4","3.8","12.2","23.1","0","0"
"01/11/2021","11","QTENSK","","","","0","0","17.6"
"01/11/2021","11","QTETP","","","","0","0","2.6"
"01/11/2021","11","QTETP2","","","","0","0","3.8"
"01/11/2021","11","QTETP3","","","","0","0","1.6"
"01/11/2021","11","QTEXPO","","","","2","0","2"
"01/11/2021","11","QTOTL1","-.9","-1.4","-4.5","-8.5","0","0"
"01/11/2021","12","QAEN","12.6","15.7","53.1","79.8","0","20"
"01/11/2021","12","QALTRE","","","","0","0","44"
"01/11/2021","12","QBPEC7","-1.8","-2.3","-7.9","-14.9","0","0"
"01/11/2021","12","QBRAZO","","","","0","0","57"
"01/11/2021","12","QBTU","","","","0","0","7"
"01/11/2021","12","QCALP","-5","-5","","","",""
"01/11/2021","12","QCALP3","","","12","25","0","0"
"01/11/2021","12","QCALP6","4","4","20","25","0","0"
"01/11/2021","12","QCPSE","0","0","0","0","0","75"
"01/11/2021","12","QDIR10","0","0","0","0","0","2"
"01/11/2021","12","QDIR11","0","0","0","0","0","3"
"01/11/2021","12","QDIRE","0","0","-13","19","0","69"
"01/11/2021","12","QEAGL5","","","","0","0","8.9"
"01/11/2021","12","QEDE10","","","","0","0","24.4"
"01/11/2021","12","QEDE12","","","","0","0","8.9"
"01/11/2021","12","QEDES1","14","9","6","12","0","53.9"
"01/11/2021","12","QEDES2","","","","0","0","5.1"
"01/11/2021","12","QEDES5","1","1","","0","0","7.5"
"01/11/2021","12","QEDES6","","","","0","0","1.9"
"01/11/2021","12","QEDF7","","","","0","0","5.6"
"01/11/2021","12","QEXEL1","","","","-30","0","40"
"01/11/2021","12","QFORMO","","","","0","0","1.1"
"01/11/2021","12","QFRONT","","","","0","0","3"
"01/11/2021","12","QGAR6","","","","0","0","8"
"01/11/2021","12","QGERD","","","","0","0","3.6"
"01/11/2021","12","QGEXA","","","0","0","0","22"
"01/11/2021","12","QGOLDN","","","","0","0","4"
"01/11/2021","12","QJUST1","","","","20","0","8"
"01/11/2021","12","QJUSTE","0","","25","25","0","7"
"01/11/2021","12","QLCRA","0","0","0","0","0","24"
"01/11/2021","12","QLUMN","0","5","0","0","0","110"
"01/11/2021","12","QNRGCI","","","","0","0","200.7"
"01/11/2021","12","QOCSQ1","","","","0","0","7.9"
"01/11/2021","12","QRAYBN","","","","0","0","12"
"01/11/2021","12","QSEMES","1","1","11","30","0","15"
"01/11/2021","12","QSHEL9","0","0","0","10","0","7"
"01/11/2021","12","QSHELL","-15","-15","-71","-138","0","0"
"01/11/2021","12","QSTEC","0","0","0","0","0","15.8"
"01/11/2021","12","QSTEC1","","","0","0","0","2.2"
"01/11/2021","12","QSUEZ1","","","","0","0","27"
"01/11/2021","12","QTEN18","2.9","3.6","12.5","23.6","0","0"
"01/11/2021","12","QTENSK","","","","0","0","17.1"
"01/11/2021","12","QTETP","","","","0","0","2.6"
"01/11/2021","12","QTETP2","","","","0","0","3.8"
"01/11/2021","12","QTETP3","","","","0","0","1.6"
"01/11/2021","12","QTEXPO","","","","2","0","2"
"01/11/2021","12","QTOTL1","-1.1","-1.3","-4.6","-8.7","0","0"
"01/11/2021","13","QAEN","11.3","13.7","53.6","80.9","0","20"
"01/11/2021","13","QALTRE","","","","0","0","45"
"01/11/2021","13","QBPEC7","-1.6","-2","-8","-15","0","0"
"01/11/2021","13","QBRAZO","","","","0","0","57"
"01/11/2021","13","QBTU","","","","0","0","7"
"01/11/2021","13","QCALP","-5","-5","","","",""
"01/11/2021","13","QCALP3","","","12","25","0","0"
"01/11/2021","13","QCALP6","4","4","20","25","0","0"
"01/11/2021","13","QCPSE","0","0","0","0","0","75"
"01/11/2021","13","QDIR10","0","0","0","0","0","2"
"01/11/2021","13","QDIR11","0","0","0","0","0","3"
"01/11/2021","13","QDIRE","0","0","-13","19","0","70"
"01/11/2021","13","QEAGL5","","","","0","0","9"
"01/11/2021","13","QEDE10","","","","0","0","25"
"01/11/2021","13","QEDE12","","","","0","0","9.1"
"01/11/2021","13","QEDES1","14","9","6","12","0","55.4"
"01/11/2021","13","QEDES2","","","","0","0","5.4"
"01/11/2021","13","QEDES5","1","1","","0","0","7.8"
"01/11/2021","13","QEDES6","","","","0","0","2"
"01/11/2021","13","QEDF7","","","","0","0","5.6"
"01/11/2021","13","QEXEL1","","","","-30","0","40"
"01/11/2021","13","QFORMO","","","","0","0","1.1"
"01/11/2021","13","QFRONT","","","","0","0","3"
"01/11/2021","13","QGAR6","","","","0","0","7.9"
"01/11/2021","13","QGERD","","","","0","0","2.9"
"01/11/2021","13","QGEXA","","","0","0","0","22"
"01/11/2021","13","QGOLDN","","","","0","0","4"
"01/11/2021","13","QJUST1","","","","20","0","8"
"01/11/2021","13","QJUSTE","0","","25","25","0","7"
"01/11/2021","13","QLCRA","0","0","0","0","0","24"
"01/11/2021","13","QLUMN","0","5","0","0","0","110"
"01/11/2021","13","QNRGCI","","","","0","0","200.7"
"01/11/2021","13","QOCSQ1","","","","0","0","8.1"
"01/11/2021","13","QRAYBN","","","","0","0","12"
"01/11/2021","13","QSEMES","1","1","11","30","0","15"
"01/11/2021","13","QSHEL9","0","0","0","10","0","7"
"01/11/2021","13","QSHELL","-15","-15","-71","-138","0","0"
"01/11/2021","13","QSTEC","0","0","0","0","0","15.8"
"01/11/2021","13","QSTEC1","","","0","0","0","2.2"
"01/11/2021","13","QSUEZ1","","","","0","0","27"
"01/11/2021","13","QTEN18","2.5","3.1","12.6","23.8","0","0"
"01/11/2021","13","QTENSK","","","","0","0","17.8"
"01/11/2021","13","QTETP","","","","0","0","2.6"
"01/11/2021","13","QTETP2","","","","0","0","3.8"
"01/11/2021","13","QTETP3","","","","0","0","1.6"
"01/11/2021","13","QTEXPO","","","","2","0","2"
"01/11/2021","13","QTOTL1","-.9","-1.1","-4.6","-8.8","0","0"
"01/11/2021","14","QAEN","11.3","13.3","53.9","81.4","0","20"
"01/11/2021","14","QALTRE","","","","0","0","45"
"01/11/2021","14","QBPEC7","-1.7","-2","-8.2","-15.6","0","0"
"01/11/2021","14","QBRAZO","","","","0","0","57"
"01/11/2021","14","QBTU","","","","0","0","7"
"01/11/2021","14","QCALP","-5","-5","","","",""
"01/11/2021","14","QCALP3","","","12","25","0","0"
"01/11/2021","14","QCALP6","4","4","20","25","0","0"
"01/11/2021","14","QCPSE","0","0","0","0","0","75"
"01/11/2021","14","QDIR10","0","0","0","0","0","2"
"01/11/2021","14","QDIR11","0","0","0","0","0","3"
"01/11/2021","14","QDIRE","0","0","-13","19","0","69"
"01/11/2021","14","QEAGL5","","","","0","0","9.2"
"01/11/2021","14","QEDE10","","","","0","0","25.3"
"01/11/2021","14","QEDE12","","","","0","0","9.3"
"01/11/2021","14","QEDES1","14","9","6","12","0","56.4"
"01/11/2021","14","QEDES2","","","","0","0","5.5"
"01/11/2021","14","QEDES5","1","1","","0","0","7.8"
"01/11/2021","14","QEDES6","","","","0","0","2"
"01/11/2021","14","QEDF7","","","","0","0","5.6"
"01/11/2021","14","QEXEL1","","","","-30","0","40"
"01/11/2021","14","QFORMO","","","","0","0","1.1"
"01/11/2021","14","QFRONT","","","","0","0","3"
"01/11/2021","14","QGAR6","","","","0","0","7.8"
"01/11/2021","14","QGERD","","","","0","0","3.8"
"01/11/2021","14","QGEXA","","","0","0","0","22"
"01/11/2021","14","QGOLDN","","","","0","0","4"
"01/11/2021","14","QJUST1","","","","20","0","8"
"01/11/2021","14","QJUSTE","0","","25","25","0","7"
"01/11/2021","14","QLCRA","0","0","0","0","0","24"
"01/11/2021","14","QLUMN","0","5","0","0","0","110"
"01/11/2021","14","QNRGCI","","","","0","0","200.7"
"01/11/2021","14","QOCSQ1","","","","0","0","8.3"
"01/11/2021","14","QRAYBN","","","","0","0","12"
"01/11/2021","14","QSEMES","1","1","11","30","0","15"
"01/11/2021","14","QSHEL9","0","0","0","10","0","7"
"01/11/2021","14","QSHELL","-15","-15","-71","-138","0","0"
"01/11/2021","14","QSTEC","0","0","0","0","0","16.2"
"01/11/2021","14","QSTEC1","","","0","0","0","2.3"
"01/11/2021","14","QSUEZ1","","","","0","0","27"
"01/11/2021","14","QTEN18","2.6","3.1","12.9","24.5","0","0"
"01/11/2021","14","QTENSK","","","","0","0","18.3"
"01/11/2021","14","QTETP","","","","0","0","2.6"
"01/11/2021","14","QTETP2","","","","0","0","3.8"
"01/11/2021","14","QTETP3","","","","0","0","1.6"
"01/11/2021","14","QTEXPO","","","","2","0","2"
"01/11/2021","14","QTOTL1","-.9","-1.1","-4.7","-8.9","0","0"
"01/11/2021","15","QAEN","12","13.9","50.3","82","0","20"
"01/11/2021","15","QALTRE","","","","0","0","45"
"01/11/2021","15","QBPEC7","-1.8","-2.1","-7.8","-15.8","0","0"
"01/11/2021","15","QBRAZO","","","","0","0","57"
"01/11/2021","15","QBTU","","","","0","0","7"
"01/11/2021","15","QCALP","-5","-5","","","",""
"01/11/2021","15","QCALP3","","","12","25","0","0"
"01/11/2021","15","QCALP6","4","4","20","25","0","0"
"01/11/2021","15","QCPSE","0","0","0","0","0","75"
"01/11/2021","15","QDIR10","0","0","0","0","0","2"
"01/11/2021","15","QDIR11","0","0","0","0","0","3"
"01/11/2021","15","QDIRE","0","0","-13","19","0","69"
"01/11/2021","15","QEAGL5","","","","0","0","9.2"
"01/11/2021","15","QEDE10","","","","0","0","25.6"
"01/11/2021","15","QEDE12","","","","0","0","9.5"
"01/11/2021","15","QEDES1","14","9","6","12","0","56.9"
"01/11/2021","15","QEDES2","","","","0","0","5.5"
"01/11/2021","15","QEDES5","1","1","","0","0","7.9"
"01/11/2021","15","QEDES6","","","","0","0","2"
"01/11/2021","15","QEDF7","","","","0","0","5.6"
"01/11/2021","15","QEXEL1","","","","-30","0","40"
"01/11/2021","15","QFORMO","","","","0","0","1.2"
"01/11/2021","15","QFRONT","","","","0","0","3"
"01/11/2021","15","QGAR6","","","","0","0","7.6"
"01/11/2021","15","QGERD","","","","0","0","3.7"
"01/11/2021","15","QGEXA","","","0","0","0","22"
"01/11/2021","15","QGOLDN","","","","0","0","4"
"01/11/2021","15","QJUST1","","","","20","0","8"
"01/11/2021","15","QJUSTE","0","","25","25","0","7"
"01/11/2021","15","QLCRA","0","0","0","0","0","24"
"01/11/2021","15","QLUMN","0","5","0","0","0","110"
"01/11/2021","15","QNRGCI","","","","0","0","200.7"
"01/11/2021","15","QOCSQ1","","","","0","0","8.4"
"01/11/2021","15","QRAYBN","","","","0","0","12"
"01/11/2021","15","QSEMES","1","1","11","30","0","15"
"01/11/2021","15","QSHEL9","0","0","0","10","0","7"
"01/11/2021","15","QSHELL","-15","-15","-71","-138","0","0"
"01/11/2021","15","QSTEC","0","0","0","0","0","16.5"
"01/11/2021","15","QSTEC1","","","0","0","0","2.3"
"01/11/2021","15","QSUEZ1","","","","0","0","27"
"01/11/2021","15","QTEN18","2.8","3.3","12.2","24.7","0","0"
"01/11/2021","15","QTENSK","","","","0","0","18.7"
"01/11/2021","15","QTETP","","","","0","0","2.6"
"01/11/2021","15","QTETP2","","","","0","0","3.8"
"01/11/2021","15","QTETP3","","","","0","0","1.6"
"01/11/2021","15","QTEXPO","","","","2","0","2"
"01/11/2021","15","QTOTL1","-1","-1.2","-4.4","-8.9","0","0"
"01/11/2021","16","QAEN","14.2","10.8","50.5","82.4","0","20"
"01/11/2021","16","QALTRE","","","","0","0","45"
"01/11/2021","16","QBPEC7","-2.2","-1.7","-7.9","-16.1","0","0"
"01/11/2021","16","QBRAZO","","","","0","0","57"
"01/11/2021","16","QBTU","","","","0","0","7"
"01/11/2021","16","QCALP","-5","-5","","","",""
"01/11/2021","16","QCALP3","","","12","25","0","0"
"01/11/2021","16","QCALP6","4","4","20","25","0","0"
"01/11/2021","16","QCPSE","0","0","0","0","0","75"
"01/11/2021","16","QDIR10","0","0","0","0","0","2"
"01/11/2021","16","QDIR11","0","0","0","0","0","3"
"01/11/2021","16","QDIRE","0","0","-13","19","0","68"
"01/11/2021","16","QEAGL5","","","","0","0","9"
"01/11/2021","16","QEDE10","","","","0","0","25.8"
"01/11/2021","16","QEDE12","","","","0","0","9.7"
"01/11/2021","16","QEDES1","14","9","6","12","0","57"
"01/11/2021","16","QEDES2","","","","0","0","5.4"
"01/11/2021","16","QEDES5","1","1","","0","0","7.9"
"01/11/2021","16","QEDES6","","","","0","0","2"
"01/11/2021","16","QEDF7","","","","0","0","5.6"
"01/11/2021","16","QEXEL1","","","","-30","0","40"
"01/11/2021","16","QFORMO","","","","0","0","1.2"
"01/11/2021","16","QFRONT","","","","0","0","3"
"01/11/2021","16","QGAR6","","","","0","0","7.6"
"01/11/2021","16","QGERD","","","","0","0","3.6"
"01/11/2021","16","QGEXA","","","0","0","0","22"
"01/11/2021","16","QGOLDN","","","","0","0","4"
"01/11/2021","16","QJUST1","","","","20","0","8"
"01/11/2021","16","QJUSTE","0","","25","25","0","7"
"01/11/2021","16","QLCRA","0","0","0","0","0","24"
"01/11/2021","16","QLUMN","0","5","0","0","0","110"
"01/11/2021","16","QNRGCI","","","","0","0","200.7"
"01/11/2021","16","QOCSQ1","","","","0","0","8.5"
"01/11/2021","16","QRAYBN","","","","0","0","12"
"01/11/2021","16","QSEMES","1","1","11","30","0","15"
"01/11/2021","16","QSHEL9","0","0","0","10","0","7"
"01/11/2021","16","QSHELL","-15","-15","-71","-138","0","0"
"01/11/2021","16","QSTEC","0","0","0",".5","0","16.7"
"01/11/2021","16","QSTEC1","","","0","0","0","2.4"
"01/11/2021","16","QSUEZ1","","","","0","0","27"
"01/11/2021","16","QTEN18","3.4","2.6","12.3","25.1","0","0"
"01/11/2021","16","QTENSK","","","","0","0","18.9"
"01/11/2021","16","QTETP","","","","0","0","2.6"
"01/11/2021","16","QTETP2","","","","0","0","3.8"
"01/11/2021","16","QTETP3","","","","0","0","1.6"
"01/11/2021","16","QTEXPO","","","","2","0","2"
"01/11/2021","16","QTOTL1","-1.2","-.9","-4.4","-9","0","0"
"01/11/2021","17","QAEN","18.3","7.2","50.9","83.3","0","20"
"01/11/2021","17","QALTRE","","","","0","0","44"
"01/11/2021","17","QBPEC7","-2.7","-1","-7.7","-15.7","0","0"
"01/11/2021","17","QBRAZO","","","","0","0","57"
"01/11/2021","17","QBTU","","","","0","0","7"
"01/11/2021","17","QCALP","-5","-5","","","",""
"01/11/2021","17","QCALP3","","","12","25","0","0"
"01/11/2021","17","QCALP6","4","4","20","25","0","0"
"01/11/2021","17","QCPSE","0","0","0","0","0","75"
"01/11/2021","17","QDIR10","0","0","0","0","0","2"
"01/11/2021","17","QDIR11","0","0","0","0","0","3"
"01/11/2021","17","QDIRE","0","0","-13","19","0","68"
"01/11/2021","17","QEAGL5","","","","0","0","8.9"
"01/11/2021","17","QEDE10","","","","0","0","25.9"
"01/11/2021","17","QEDE12","","","","0","0","9.7"
"01/11/2021","17","QEDES1","14","9","6","12","0","56.9"
"01/11/2021","17","QEDES2","","","","0","0","5.4"
"01/11/2021","17","QEDES5","1","1","","0","0","7.7"
"01/11/2021","17","QEDES6","","","","0","0","2"
"01/11/2021","17","QEDF7","","","","0","0","5.5"
"01/11/2021","17","QEXEL1","","","","-30","0","40"
"01/11/2021","17","QFORMO","","","","0","0","1.2"
"01/11/2021","17","QFRONT","","","","0","0","3"
"01/11/2021","17","QGAR6","","","","0","0","7.6"
"01/11/2021","17","QGERD","","","","0","0","3"
"01/11/2021","17","QGEXA","","","0","0","0","22"
"01/11/2021","17","QGOLDN","","","","0","0","4"
"01/11/2021","17","QJUST1","","","","20","0","8"
"01/11/2021","17","QJUSTE","0","","25","25","0","7"
"01/11/2021","17","QLCRA","0","0","0","0","0","24"
"01/11/2021","17","QLUMN","0","5","0","0","0","110"
"01/11/2021","17","QNRGCI","","","","0","0","200.7"
"01/11/2021","17","QOCSQ1","","","","0","0","8.5"
"01/11/2021","17","QRAYBN","","","","0","0","12"
"01/11/2021","17","QSEMES","1","1","11","30","0","15"
"01/11/2021","17","QSHEL9","0","0","0","10","0","7"
"01/11/2021","17","QSHELL","-15","-15","-71","-138","0","0"
"01/11/2021","17","QSTEC","0","0","0",".5","0","16.9"
"01/11/2021","17","QSTEC1","","","0","0","0","2.5"
"01/11/2021","17","QSUEZ1","","","","0","0","27"
"01/11/2021","17","QTEN18","4.3","1.6","12.1","24.7","0","0"
"01/11/2021","17","QTENSK","","","","0","0","19"
"01/11/2021","17","QTETP","","","","0","0","2.6"
"01/11/2021","17","QTETP2","","","","0","0","3.8"
"01/11/2021","17","QTETP3","","","","0","0","1.6"
"01/11/2021","17","QTEXPO","","","","2","0","2"
"01/11/2021","17","QTOTL1","-1.6","-.6","-4.4","-9","0","0"
"01/11/2021","18","QAEN","23.9","7","50.9","83.2","0","20"
"01/11/2021","18","QALTRE","","","","0","0","41"
"01/11/2021","18","QBPEC7","-3.4","-1","-7.3","-14.9","0","0"
"01/11/2021","18","QBRAZO","","","","0","0","57"
"01/11/2021","18","QBTU","","","","0","0","7"
"01/11/2021","18","QCALP","-5","-5","","","",""
"01/11/2021","18","QCALP3","","","12","25","0","0"
"01/11/2021","18","QCALP6","4","4","20","25","0","0"
"01/11/2021","18","QCPSE","0","0","0","0","0","75"
"01/11/2021","18","QDIR10","0","0","0","0","0","2"
"01/11/2021","18","QDIR11","0","0","0","0","0","3"
"01/11/2021","18","QDIRE","0","0","-13","19","0","68"
"01/11/2021","18","QEAGL5","","","","0","0","8.8"
"01/11/2021","18","QEDE10","","","","0","0","25"
"01/11/2021","18","QEDE12","","","","0","0","9.4"
"01/11/2021","18","QEDES1","14","9","","12","0","55.5"
"01/11/2021","18","QEDES2","","","","0","0","5.4"
"01/11/2021","18","QEDES5","1","1","","0","0","7.3"
"01/11/2021","18","QEDES6","","","","0","0","2"
"01/11/2021","18","QEDF7","","","","0","0","5.4"
"01/11/2021","18","QEXEL1","","","","-30","0","40"
"01/11/2021","18","QFORMO","","","","0","0","1.2"
"01/11/2021","18","QFRONT","","","","0","0","3"
"01/11/2021","18","QGAR6","","","","0","0","7.8"
"01/11/2021","18","QGERD","","","","0","0","1.3"
"01/11/2021","18","QGEXA","","","0","0","0","22"
"01/11/2021","18","QGOLDN","","","","0","0","4"
"01/11/2021","18","QJUST1","","","","20","0","8"
"01/11/2021","18","QJUSTE","0","","25","25","0","7"
"01/11/2021","18","QLCRA","0","0","0","0","0","24"
"01/11/2021","18","QLUMN","0","5","0","0","0","110"
"01/11/2021","18","QNRGCI","","","","0","0","200.7"
"01/11/2021","18","QOCSQ1","","","","0","0","8.6"
"01/11/2021","18","QRAYBN","","","","0","0","12"
"01/11/2021","18","QSEMES","1","1","11","30","0","15"
"01/11/2021","18","QSHEL9","0","0","0","10","0","7"
"01/11/2021","18","QSHELL","-15","-15","-65","-138","0","0"
"01/11/2021","18","QSTEC","0","0","0",".5","0","16.3"
"01/11/2021","18","QSTEC1","0","","0","0","0","2.5"
"01/11/2021","18","QSUEZ1","","","","0","0","27"
"01/11/2021","18","QTEN18","5.4","1.5","11.6","23.7","0","0"
"01/11/2021","18","QTENSK","","","","0","0","18.5"
"01/11/2021","18","QTETP","","","","0","0","2.6"
"01/11/2021","18","QTETP2","","","","0","0","3.8"
"01/11/2021","18","QTETP3","","","","0","0","1.6"
"01/11/2021","18","QTEXPO","","","","2","0","2"
"01/11/2021","18","QTOTL1","-2","-.5","-4.3","-8.8","0","0"
"01/11/2021","19","QAEN","14.8","11.1","72.8","85.2","0","20"
"01/11/2021","19","QALTRE","","","","0","0","41"
"01/11/2021","19","QBPEC7","-2","-1.5","-10","-14.5","0","0"
"01/11/2021","19","QBRAZO","","","","0","0","57"
"01/11/2021","19","QBTU","","","","0","0","7"
"01/11/2021","19","QCALP","-5","-5","","","",""
"01/11/2021","19","QCALP3","","","12","25","0","0"
"01/11/2021","19","QCALP6","4","4","20","25","0","0"
"01/11/2021","19","QCPSE","0","0","0","0","0","75"
"01/11/2021","19","QDIR10","0","0","0","0","0","2"
"01/11/2021","19","QDIR11","0","0","0","0","0","3"
"01/11/2021","19","QDIRE","0","0","-13","19","0","73"
"01/11/2021","19","QEAGL5","","","","0","0","9.2"
"01/11/2021","19","QEDE10","","","","0","0","25.2"
"01/11/2021","19","QEDE12","","","","0","0","9.3"
"01/11/2021","19","QEDES1","14","9","","12","0","55.7"
"01/11/2021","19","QEDES2","","","","0","0","5.5"
"01/11/2021","19","QEDES5","1","1","","0","0","7.3"
"01/11/2021","19","QEDES6","","","","0","0","2"
"01/11/2021","19","QEDF7","","","","0","0","5.7"
"01/11/2021","19","QEXEL1","","","","-30","0","40"
"01/11/2021","19","QFORMO","","","","0","0","1.3"
"01/11/2021","19","QFRONT","","","","0","0","3"
"01/11/2021","19","QGAR6","","","","0","0","8"
"01/11/2021","19","QGERD","","","","0","0","3.5"
"01/11/2021","19","QGEXA","","","0","0","0","22"
"01/11/2021","19","QGOLDN","","","","0","0","4"
"01/11/2021","19","QJUST1","","","","20","0","8"
"01/11/2021","19","QJUSTE","0","","25","25","0","7"
"01/11/2021","19","QLCRA","0","0","0","0","0","24"
"01/11/2021","19","QLUMN","0","5","0","0","0","110"
"01/11/2021","19","QNRGCI","","","","0","0","200.7"
"01/11/2021","19","QOCSQ1","","","","0","0","8.8"
"01/11/2021","19","QRAYBN","","","","0","0","12"
"01/11/2021","19","QSEMES","1","1","11","30","0","15"
"01/11/2021","19","QSHEL9","0","0","0","10","0","7"
"01/11/2021","19","QSHELL","-15","-15","-65","-138","0","0"
"01/11/2021","19","QSTEC","0","0","0",".5","0","17"
"01/11/2021","19","QSTEC1","","","0","0","0","2.8"
"01/11/2021","19","QSUEZ1","","","","0","0","27"
"01/11/2021","19","QTEN18","3.1","2.3","15.9","23.1","0","0"
"01/11/2021","19","QTENSK","","","","0","0","20.2"
"01/11/2021","19","QTETP","","","","0","0","2.6"
"01/11/2021","19","QTETP2","","","","0","0","3.8"
"01/11/2021","19","QTETP3","","","","0","0","1.6"
"01/11/2021","19","QTEXPO","","","","2","0","2"
"01/11/2021","19","QTOTL1","-1.1","-.8","-5.9","-8.6","0","0"
"01/11/2021","20","QAEN","7","9.6","71.6","83.4","0","20"
"01/11/2021","20","QALTRE","","","","0","0","40"
"01/11/2021","20","QBPEC7","-.9","-1.3","-9.9","-14.4","0","0"
"01/11/2021","20","QBRAZO","","","","0","0","57"
"01/11/2021","20","QBTU","","","","0","0","7"
"01/11/2021","20","QCALP","-5","-5","","","",""
"01/11/2021","20","QCALP3","","","12","25","0","0"
"01/11/2021","20","QCALP6","4","4","20","25","0","0"
"01/11/2021","20","QCPSE","0","0","0","0","0","75"
"01/11/2021","20","QDIR10","0","0","0","0","0","2"
"01/11/2021","20","QDIR11","0","0","0","0","0","3"
"01/11/2021","20","QDIRE","0","0","-13","19","0","73"
"01/11/2021","20","QEAGL5","","","","0","0","8.8"
"01/11/2021","20","QEDE10","","","","0","0","25.3"
"01/11/2021","20","QEDE12","","","","0","0","9.4"
"01/11/2021","20","QEDES1","14","9","6","12","0","55.9"
"01/11/2021","20","QEDES2","","","","0","0","5.5"
"01/11/2021","20","QEDES5","1","1","","0","0","7.1"
"01/11/2021","20","QEDES6","","","","0","0","2"
"01/11/2021","20","QEDF7","","","","0","0","5.5"
"01/11/2021","20","QEXEL1","","","","-30","0","40"
"01/11/2021","20","QFORMO","","","","0","0","1.2"
"01/11/2021","20","QFRONT","","","","0","0","3"
"01/11/2021","20","QGAR6","","","","0","0","8"
"01/11/2021","20","QGERD","","","","0","0","3"
"01/11/2021","20","QGEXA","","","0","0","0","22"
"01/11/2021","20","QGOLDN","","","","0","0","4"
"01/11/2021","20","QJUST1","","","","20","0","8"
"01/11/2021","20","QJUSTE","0","","25","25","0","7"
"01/11/2021","20","QLCRA","0","0","0","0","0","24"
"01/11/2021","20","QLUMN","0","5","0","0","0","110"
"01/11/2021","20","QNRGCI","","","","0","0","200.7"
"01/11/2021","20","QOCSQ1","","","","0","0","8.8"
"01/11/2021","20","QRAYBN","","","","0","0","12"
"01/11/2021","20","QSEMES","1","1","11","30","0","15"
"01/11/2021","20","QSHEL9","0","0","0","10","0","7"
"01/11/2021","20","QSHELL","-15","-15","-71","-138","0","0"
"01/11/2021","20","QSTEC","0","0","0",".5","0","17"
"01/11/2021","20","QSTEC1","","","0","0","0","2.9"
"01/11/2021","20","QSUEZ1","","","","0","0","27"
"01/11/2021","20","QTEN18","1.4","2.1","15.8","23","0","0"
"01/11/2021","20","QTENSK","","","","0","0","19.4"
"01/11/2021","20","QTETP","","","","0","0","2.6"
"01/11/2021","20","QTETP2","","","","0","0","3.8"
"01/11/2021","20","QTETP3","","","","0","0","1.6"
"01/11/2021","20","QTEXPO","","","","2","0","2"
"01/11/2021","20","QTOTL1","-.5","-.8","-5.9","-8.6","0","0"
"01/11/2021","21","QAEN","7.1","10.5","70.5","81.9","0","20"
"01/11/2021","21","QALTRE","","","","0","0","40"
"01/11/2021","21","QBPEC7","-1","-1.4","-10","-14.5","0","0"
"01/11/2021","21","QBRAZO","","","","0","0","57"
"01/11/2021","21","QBTU","","","","0","0","7"
"01/11/2021","21","QCALP","-5","-5","","","",""
"01/11/2021","21","QCALP3","","","12","25","0","0"
"01/11/2021","21","QCALP6","4","4","20","25","0","0"
"01/11/2021","21","QCPSE","0","0","0","0","0","75"
"01/11/2021","21","QDIR10","0","0","0","0","0","2"
"01/11/2021","21","QDIR11","0","0","0","0","0","3"
"01/11/2021","21","QDIRE","0","0","-13","19","0","73"
"01/11/2021","21","QEAGL5","","","","0","0","8.6"
"01/11/2021","21","QEDE10","","","","0","0","25.6"
"01/11/2021","21","QEDE12","","","","0","0","9.5"
"01/11/2021","21","QEDES1","14","9","6","12","0","56.5"
"01/11/2021","21","QEDES2","","","","0","0","5.6"
"01/11/2021","21","QEDES5","1","1","","0","0","7"
"01/11/2021","21","QEDES6","","","","0","0","2.1"
"01/11/2021","21","QEDF7","","","","0","0","5.4"
"01/11/2021","21","QEXEL1","","","","-30","0","40"
"01/11/2021","21","QFORMO","","","","0","0","1.3"
"01/11/2021","21","QFRONT","","","","0","0","3"
"01/11/2021","21","QGAR6","","","","0","0","8"
"01/11/2021","21","QGERD","","","","0","0","2.3"
"01/11/2021","21","QGEXA","","","0","0","0","22"
"01/11/2021","21","QGOLDN","","","","0","0","4"
"01/11/2021","21","QJUST1","","","","20","0","8"
"01/11/2021","21","QJUSTE","0","","25","25","0","7"
"01/11/2021","21","QLCRA","0","0","0","0","0","24"
"01/11/2021","21","QLUMN","0","5","0","0","0","110"
"01/11/2021","21","QNRGCI","","","","0","0","200.7"
"01/11/2021","21","QOCSQ1","","","","0","0","8.9"
"01/11/2021","21","QRAYBN","","","","0","0","12"
"01/11/2021","21","QSEMES","1","1","11","30","0","15"
"01/11/2021","21","QSHEL9","0","0","0","10","0","7"
"01/11/2021","21","QSHELL","-15","-15","-71","-138","0","0"
"01/11/2021","21","QSTEC","0","0","0",".5","0","17.2"
"01/11/2021","21","QSTEC1","","","0","0","0","2.9"
"01/11/2021","21","QSUEZ1","","","","0","0","27"
"01/11/2021","21","QTEN18","1.5","2.2","16","23.2","0","0"
"01/11/2021","21","QTENSK","","","","0","0","21.7"
"01/11/2021","21","QTETP","","","","0","0","2.6"
"01/11/2021","21","QTETP2","","","","0","0","3.8"
"01/11/2021","21","QTETP3","","","","0","0","1.6"
"01/11/2021","21","QTEXPO","","","","2","0","2"
"01/11/2021","21","QTOTL1","-.5","-.8","-6","-8.7","0","0"
"01/11/2021","22","QAEN","7.3","12.1","70","81.3","0","20"
"01/11/2021","22","QALTRE","","","","0","0","41"
"01/11/2021","22","QBPEC7","-1","-1.7","-10.1","-14.6","0","0"
"01/11/2021","22","QBRAZO","","","","0","0","57"
"01/11/2021","22","QBTU","","","","0","0","7"
"01/11/2021","22","QCALP","-5","-5","","","",""
"01/11/2021","22","QCALP3","","","12","25","0","0"
"01/11/2021","22","QCALP6","4","4","20","25","0","0"
"01/11/2021","22","QCPSE","0","0","0","0","0","75"
"01/11/2021","22","QDIR10","0","0","0","0","0","2"
"01/11/2021","22","QDIR11","0","0","0","0","0","3"
"01/11/2021","22","QDIRE","0","0","-13","19","0","73"
"01/11/2021","22","QEAGL5","","","","0","0","8.5"
"01/11/2021","22","QEDE10","","","","0","0","26.4"
"01/11/2021","22","QEDE12","","","","0","0","9.8"
"01/11/2021","22","QEDES1","14","9","6","12","0","57.8"
"01/11/2021","22","QEDES2","","","","0","0","5.7"
"01/11/2021","22","QEDES5","1","1","","0","0","7.1"
"01/11/2021","22","QEDES6","","","","0","0","2.1"
"01/11/2021","22","QEDF7","","","","0","0","5.4"
"01/11/2021","22","QEXEL1","","","","-30","0","40"
"01/11/2021","22","QFORMO","","","","0","0","1.5"
"01/11/2021","22","QFRONT","","","","0","0","3"
"01/11/2021","22","QGAR6","","","","0","0","0"
"01/11/2021","22","QGERD","","","","0","0","1.6"
"01/11/2021","22","QGEXA","","","0","0","0","22"
"01/11/2021","22","QGOLDN","","","","0","0","4"
"01/11/2021","22","QJUST1","","","","20","0","8"
"01/11/2021","22","QJUSTE","0","","25","25","0","7"
"01/11/2021","22","QLCRA","0","0","0","0","0","24"
"01/11/2021","22","QLUMN","0","5","0","0","0","110"
"01/11/2021","22","QNRGCI","","","","0","0","200.7"
"01/11/2021","22","QOCSQ1","","","","0","0","9"
"01/11/2021","22","QRAYBN","","","","0","0","12"
"01/11/2021","22","QSEMES","1","1","11","30","0","15"
"01/11/2021","22","QSHEL9","0","0","0","10","0","7"
"01/11/2021","22","QSHELL","-15","-15","-71","-138","0","0"
"01/11/2021","22","QSTEC","0","0","0","0","0","17.3"
"01/11/2021","22","QSTEC1","","","0","0","0","2.7"
"01/11/2021","22","QSUEZ1","","","","0","0","27"
"01/11/2021","22","QTEN18","1.6","2.7","16.3","23.5","0","0"
"01/11/2021","22","QTENSK","","","","0","0","18.7"
"01/11/2021","22","QTETP","","","","0","0","2.6"
"01/11/2021","22","QTETP2","","","","0","0","3.8"
"01/11/2021","22","QTETP3","","","","0","0","1.6"
"01/11/2021","22","QTEXPO","","","","2","0","2"
"01/11/2021","22","QTOTL1","-.6","-1","-6.2","-8.9","0","0"
"01/11/2021","23","QAEN","7.5","12.9","39.7","83.7","0","20"
"01/11/2021","23","QALTRE","","","","0","0","45"
"01/11/2021","23","QBPEC7","-1.1","-1.9","-5.9","-15.6","0","0"
"01/11/2021","23","QBRAZO","","","","0","0","57"
"01/11/2021","23","QBTU","","","","0","0","7"
"01/11/2021","23","QCALP","-5","-5","","","",""
"01/11/2021","23","QCALP3","","","12","25","0","0"
"01/11/2021","23","QCALP6","4","4","20","25","0","0"
"01/11/2021","23","QCPSE","0","0","0","0","0","75"
"01/11/2021","23","QDIR10","0","0","0","0","0","2"
"01/11/2021","23","QDIR11","0","0","0","0","0","3"
"01/11/2021","23","QDIRE","0","0","-13","19","0","79"
"01/11/2021","23","QEAGL5","","","","0","0","9"
"01/11/2021","23","QEDE10","","","","0","0","29.3"
"01/11/2021","23","QEDE12","","","","0","0","10.8"
"01/11/2021","23","QEDES1","14","9","6","12","0","63.9"
"01/11/2021","23","QEDES2","","","","0","0","6.4"
"01/11/2021","23","QEDES5","1","1","","0","0","7.7"
"01/11/2021","23","QEDES6","","","","0","0","2.3"
"01/11/2021","23","QEDF7","","","","0","0","5.6"
"01/11/2021","23","QEXEL1","","","","-30","0","40"
"01/11/2021","23","QFORMO","","","","0","0","1.7"
"01/11/2021","23","QFRONT","","","","0","0","3"
"01/11/2021","23","QGAR6","","","","0","0","0"
"01/11/2021","23","QGERD","","","","0","0","3.9"
"01/11/2021","23","QGEXA","","","0","0","0","22"
"01/11/2021","23","QGOLDN","","","","0","0","5"
"01/11/2021","23","QJUST1","","","","20","0","8"
"01/11/2021","23","QJUSTE","0","","25","25","0","7"
"01/11/2021","23","QLCRA","0","0","0","0","0","24"
"01/11/2021","23","QLUMN","0","5","0","0","0","110"
"01/11/2021","23","QNRGCI","","","","0","0","200.7"
"01/11/2021","23","QOCSQ1","","","","0","0","9.9"
"01/11/2021","23","QRAYBN","","","","0","0","12"
"01/11/2021","23","QSEMES","1","1","11","30","0","15"
"01/11/2021","23","QSHEL9","0","0","0","10","0","7"
"01/11/2021","23","QSHELL","-15","-15","-71","-138","0","0"
"01/11/2021","23","QSTEC","0","0","0","0","0","18.5"
"01/11/2021","23","QSTEC1","","","0","0","0","2.7"
"01/11/2021","23","QSUEZ1","","","","0","0","27"
"01/11/2021","23","QTEN18","1.7","3","9.5","25.2","0","0"
"01/11/2021","23","QTENSK","","","","0","0","20.4"
"01/11/2021","23","QTETP","","","","0","0","2.6"
"01/11/2021","23","QTETP2","","","","0","0","3.8"
"01/11/2021","23","QTETP3","","","","0","0","1.6"
"01/11/2021","23","QTEXPO","","","","2","0","2"
"01/11/2021","23","QTOTL1","-.6","-1.1","-3.6","-9.6","0","0"
"01/11/2021","24","QAEN","7.1","12.3","39.4","82.9","0","20"
"01/11/2021","24","QALTRE","","","","0","0","47"
"01/11/2021","24","QBPEC7","-1.1","-1.9","-6.1","-16.1","0","0"
"01/11/2021","24","QBRAZO","","","","0","0","57"
"01/11/2021","24","QBTU","","","","0","0","7"
"01/11/2021","24","QCALP","-5","-5","","","",""
"01/11/2021","24","QCALP3","","","12","25","0","0"
"01/11/2021","24","QCALP6","4","4","20","25","0","0"
"01/11/2021","24","QCPSE","0","0","0","0","0","75"
"01/11/2021","24","QDIR10","0","0","0","0","0","2"
"01/11/2021","24","QDIR11","0","0","0","0","0","3"
"01/11/2021","24","QDIRE","0","0","-13","19","0","78.7"
"01/11/2021","24","QEAGL5","","","","0","0","9"
"01/11/2021","24","QEDE10","","","","0","0","31.1"
"01/11/2021","24","QEDE12","","","","0","0","11.3"
"01/11/2021","24","QEDES1","14","9","6","12","0","67"
"01/11/2021","24","QEDES2","","","","0","0","6.7"
"01/11/2021","24","QEDES5","1","1","","0","0","8"
"01/11/2021","24","QEDES6","","","","0","0","2.5"
"01/11/2021","24","QEDF7","","","","0","0","5.6"
"01/11/2021","24","QEXEL1","","","","-30","0","40"
"01/11/2021","24","QFORMO","","","","0","0","1.6"
"01/11/2021","24","QFRONT","","","","0","0","3"
"01/11/2021","24","QGAR6","","","","0","0","0"
"01/11/2021","24","QGERD","","","","0","0","2"
"01/11/2021","24","QGEXA","","","0","0","0","22"
"01/11/2021","24","QGOLDN","","","","0","0","5"
"01/11/2021","24","QJUST1","","","","20","0","8"
"01/11/2021","24","QJUSTE","0","","25","25","0","7"
"01/11/2021","24","QLCRA","0","0","0","0","0","24"
"01/11/2021","24","QLUMN","0","5","0","0","0","110"
"01/11/2021","24","QNRGCI","","","","0","0","200.7"
"01/11/2021","24","QOCSQ1","","","","0","0","10"
"01/11/2021","24","QRAYBN","","","","0","0","12"
"01/11/2021","24","QSEMES","1","1","11","30","0","15"
"01/11/2021","24","QSHEL9","0","0","0","10","0","7"
"01/11/2021","24","QSHELL","-15","-15","-71","-138","0","0"
"01/11/2021","24","QSTEC","0","0","0","0","0","18.8"
"01/11/2021","24","QSTEC1","","","0","0","0","2.4"
"01/11/2021","24","QSUEZ1","","","","0","0","27"
"01/11/2021","24","QTEN18","1.7","3","9.9","26.2","0","0"
"01/11/2021","24","QTENSK","","","","0","0","20.9"
"01/11/2021","24","QTETP","","","","0","0","2.6"
"01/11/2021","24","QTETP2","","","","0","0","3.8"
"01/11/2021","24","QTETP3","","","","0","0","1.6"
"01/11/2021","24","QTEXPO","","","","2","0","2"
"01/11/2021","24","QTOTL1","-.6","-1.1","-3.8","-10.1","0","0"
